Alfredo Sauce,49
Anchovies,64
Artichoke,364
Arugula,72
Asiago Cheese,150
Bacon,157
Barbecue Sauce,115
Barbecued Chicken,113
Beef Chuck Roast,90
Blue Cheese,99
Brie Carre Cheese,13
Calabrese Salami,94
Capocollo,335
Caramelized Onions,12
Chicken,438
Chipotle Sauce,183
Chorizo Sausage,44
Cilantro,184
Coarse Sicilian Salami,94
Corn,183
Eggplant,42
Feta Cheese,236
Fontina Cheese,163
Friggitello Peppers,49
Garlic,1293
Genoa Salami,76
Goat Cheese,166
Gorgonzola Piccante Cheese,137
Gouda Cheese,116
Green Olives,264
Green Peppers,217
Italian Sausage,45
Jalapeno Peppers,299
Kalamata Olives,169
Luganega Sausage,96
Mozzarella Cheese,507
Mushrooms,401
Nduja Salami,52
Onions,89
Oregano,74
Pancetta,50
Parmigiano Reggiano Cheese,133
Pears,13
Peperoncini verdi,99
Pepperoni,390
Pesto Sauce,129
Pineapple,242
Plum Tomatoes,53
Prosciutto,13
Prosciutto di San Daniele,69
Provolone Cheese,98
Red Onions,899
Red Peppers,762
Ricotta Cheese,134
Romano Cheese,96
Sliced Ham,118
Smoked Gouda Cheese,100
Soppressata Salami,49
Spinach,452
Sun-dried Tomatoes,81
Thai Sweet Chilli Sauce,145
Thyme,14
Tomatoes,1205
Zucchini,112
